titulo,resumen
Introduction to Epilepsy,"Epilepsy is a chronic neurological disorder that causes recurrent seizures due to abnormal electrical activity in the brain. It affects people of all ages and can be caused by genetic factors, brain injuries, strokes, infections, tumors, or developmental disorders. In some cases, the exact cause remains unknown. Seizures are classified into focal (partial) seizures, which originate in specific brain areas, and generalized seizures, which affect both hemispheres. Symptoms vary widely and may include involuntary movements, loss of consciousness, sudden falls, muscle jerking, or brief moments of unresponsiveness. Diagnosis involves a detailed medical history, neurological examinations, and tests such as electroencephalogram (EEG) to detect abnormal brain activity, and MRI or CT scans to identify potential structural issues. Treatment options aim to reduce or eliminate seizures and may include anti-epileptic medications (AEDs), which control seizures in most patients. For drug-resistant epilepsy, other options include surgery, where the affected brain area is removed, ketogenic diet, which is high in fat and low in carbohydrates, and vagus nerve stimulation (VNS), which delivers electrical impulses to the brain. Living with epilepsy requires lifestyle adjustments to avoid triggers such as sleep deprivation, stress, flashing lights, or alcohol consumption. Proper seizure management, awareness, and support from family and society can help individuals with epilepsy lead independent and fulfilling lives. Increased public education and medical advancements continue to improve the quality of life for those affected."
Current Treatments for Epilepsy,"The treatment of epilepsy typically includes anticonvulsant medications, but in resistant cases, options such as surgery, vagus nerve stimulation, or special diets like the ketogenic diet may be considered. The treatment of epilepsy typically includes anticonvulsant medications, but in resistant cases, options such as surgery, vagus nerve stimulation, or special diets like the ketogenic diet may be considered. The treatment of epilepsy typically includes anticonvulsant medications, but in resistant cases, options such as surgery, vagus nerve stimulation, or special diets like the ketogenic diet may be considered. The treatment of epilepsy typically includes anticonvulsant medications, but in resistant cases, options such as surgery, vagus nerve stimulation, or special diets like the ketogenic diet may be considered. The treatment of epilepsy typically includes anticonvulsant medications, but in resistant cases, options such as surgery, vagus nerve stimulation, or special diets like the ketogenic diet may be considered. The treatment of epilepsy typically includes anticonvulsant medications, but in resistant cases, options such as surgery, vagus nerve stimulation, or special diets like the ketogenic diet may be considered. Current treatments for epilepsy focus on controlling seizures and improving the patient's quality of life. The most common treatment is anti-epileptic drugs (AEDs), which help regulate brain activity and prevent seizures. These medications are effective for about 70% of patients, but some may require additional interventions. For drug-resistant epilepsy, alternative treatments include surgery, where the affected brain area causing seizures is removed or altered, and the ketogenic diet, a high-fat, low-carbohydrate diet that has been effective in reducing seizures, particularly in children. Other treatments include vagus nerve stimulation (VNS), a device implanted in the chest that sends electrical impulses to the brain to prevent seizures, deep brain stimulation (DBS), where electrodes are implanted in specific brain areas to regulate abnormal activity, and responsive neurostimulation (RNS), a device that detects abnormal brain activity and delivers stimulation to prevent seizures. Lifestyle modifications, such as avoiding triggers, maintaining a regular sleep schedule, managing stress, and reducing alcohol consumption, also play a crucial role in seizure control. Ongoing research continues to explore new medications, gene therapy, and innovative treatments to improve epilepsy management."
Causes of Epilepsy,"The causes of epilepsy are varied and include genetic factors, brain injuries, infections, and conditions such as stroke. However, in many cases, the exact cause cannot be determined. The causes of epilepsy are varied and include genetic factors, brain injuries, infections, and conditions such as stroke. However, in many cases, the exact cause cannot be determined. The causes of epilepsy are varied and include genetic factors, brain injuries, infections, and conditions such as stroke. However, in many cases, the exact cause cannot be determined. The causes of epilepsy are varied and include genetic factors, brain injuries, infections, and conditions such as stroke. However, in many cases, the exact cause cannot be determined. The causes of epilepsy are varied and include genetic factors, brain injuries, infections, and conditions such as stroke. However, in many cases, the exact cause cannot be determined. The causes of epilepsy are varied and include genetic factors, brain injuries, infections, and conditions such as stroke. However, in many cases, the exact cause cannot be determined. Causes of epilepsy vary and can be classified into several categories, though in some cases, the exact cause remains unknown. Genetic factors play a significant role, as some types of epilepsy run in families, suggesting an inherited predisposition to seizures. Brain injuries, including traumatic head injuries from accidents or falls, can lead to epilepsy by disrupting normal brain activity. Stroke is another major cause, particularly in older adults, as reduced blood flow to the brain can cause damage that triggers seizures. Infections such as meningitis, encephalitis, and neurocysticercosis can lead to brain inflammation and increase the risk of epilepsy. Brain tumors and abnormal brain development, including congenital malformations, can also cause epilepsy by interfering with normal electrical activity. Other factors include prenatal or birth-related complications, such as oxygen deprivation, low birth weight, or infections affecting brain development. In some cases, metabolic disorders and autoimmune diseases may also contribute to epilepsy. While many causes are identifiable, a significant percentage of epilepsy cases remain of unknown origin, classified as idiopathic epilepsy."
Diagnosis of Epilepsy,"Diagnosis of epilepsy is performed through the patient's medical history, a neurological exam, and complementary tests such as electroencephalogram (EEG) and magnetic resonance imaging (MRI). Diagnosis of epilepsy is performed through the patient's medical history, a neurological exam, and complementary tests such as electroencephalogram (EEG) and magnetic resonance imaging (MRI). Diagnosis of epilepsy is performed through the patient's medical history, a neurological exam, and complementary tests such as electroencephalogram (EEG) and magnetic resonance imaging (MRI). Diagnosis of epilepsy is performed through the patient's medical history, a neurological exam, and complementary tests such as electroencephalogram (EEG) and magnetic resonance imaging (MRI). Diagnosis of epilepsy is performed through the patient's medical history, a neurological exam, and complementary tests such as electroencephalogram (EEG) and magnetic resonance imaging (MRI). Diagnosis of epilepsy is performed through the patient's medical history, a neurological exam, and complementary tests such as electroencephalogram (EEG) and magnetic resonance imaging (MRI)."
Living with Epilepsy,"Living with epilepsy can be challenging, but with proper treatment and social support, many individuals with epilepsy lead full and active lives. Living with epilepsy can be challenging, but with proper treatment and social support, many individuals with epilepsy lead full and active lives. Living with epilepsy can be challenging, but with proper treatment and social support, many individuals with epilepsy lead full and active lives. Living with epilepsy can be challenging, but with proper treatment and social support, many individuals with epilepsy lead full and active lives. Living with epilepsy can be challenging, but with proper treatment and social support, many individuals with epilepsy lead full and active lives. Living with epilepsy can be challenging, but with proper treatment and social support, many individuals with epilepsy lead full and active lives. Living with epilepsy can be challenging, but with proper treatment and social support, many individuals with epilepsy lead full and active lives."
Types of Epilepsy,"There are different types of epilepsy, such as focal epilepsy and generalized epilepsy, each with distinct clinical features and prognoses. There are different types of epilepsy, such as focal epilepsy and generalized epilepsy, each with distinct clinical features and prognoses. There are different types of epilepsy, such as focal epilepsy and generalized epilepsy, each with distinct clinical features and prognoses. There are different types of epilepsy, such as focal epilepsy and generalized epilepsy, each with distinct clinical features and prognoses. There are different types of epilepsy, such as focal epilepsy and generalized epilepsy, each with distinct clinical features and prognoses. There are different types of epilepsy, such as focal epilepsy and generalized epilepsy, each with distinct clinical features and prognoses. There are different types of epilepsy, such as focal epilepsy and generalized epilepsy, each with distinct clinical features and prognoses. There are different types of epilepsy, such as focal epilepsy and generalized epilepsy, each with distinct clinical features and prognoses."
Seizure Triggers,"Seizure triggers can include lack of sleep, stress, flashing lights, and alcohol consumption. Identifying and avoiding these triggers is part of epilepsy management. Seizure triggers can include lack of sleep, stress, flashing lights, and alcohol consumption. Identifying and avoiding these triggers is part of epilepsy management. Seizure triggers can include lack of sleep, stress, flashing lights, and alcohol consumption. Identifying and avoiding these triggers is part of epilepsy management. Seizure triggers can include lack of sleep, stress, flashing lights, and alcohol consumption. Identifying and avoiding these triggers is part of epilepsy management. Seizure triggers can include lack of sleep, stress, flashing lights, and alcohol consumption. Identifying and avoiding these triggers is part of epilepsy management. Seizure triggers can include lack of sleep, stress, flashing lights, and alcohol consumption. Identifying and avoiding these triggers is part of epilepsy management. Seizure triggers can include lack of sleep, stress, flashing lights, and alcohol consumption. Identifying and avoiding these triggers is part of epilepsy management."
Stigma and Epilepsy,"Epilepsy is a stigmatized condition in many cultures, leading to discrimination and social isolation for those affected. Epilepsy is a stigmatized condition in many cultures, leading to discrimination and social isolation for those affected. Epilepsy is a stigmatized condition in many cultures, leading to discrimination and social isolation for those affected. Epilepsy is a stigmatized condition in many cultures, leading to discrimination and social isolation for those affected. Epilepsy is a stigmatized condition in many cultures, leading to discrimination and social isolation for those affected. Epilepsy is a stigmatized condition in many cultures, leading to discrimination and social isolation for those affected. Epilepsy is a stigmatized condition in many cultures, leading to discrimination and social isolation for those affected. Epilepsy is a stigmatized condition in many cultures, leading to discrimination and social isolation for those affected. Epilepsy is a stigmatized condition in many cultures, leading to discrimination and social isolation for those affected."
Recent Research in Epilepsy,"Recent research is exploring new treatments for epilepsy, including gene therapies and new anticonvulsant drugs with fewer side effects. Recent research is exploring new treatments for epilepsy, including gene therapies and new anticonvulsant drugs with fewer side effects. Recent research is exploring new treatments for epilepsy, including gene therapies and new anticonvulsant drugs with fewer side effects. Recent research is exploring new treatments for epilepsy, including gene therapies and new anticonvulsant drugs with fewer side effects. Recent research is exploring new treatments for epilepsy, including gene therapies and new anticonvulsant drugs with fewer side effects. Recent research is exploring new treatments for epilepsy, including gene therapies and new anticonvulsant drugs with fewer side effects. Recent research is exploring new treatments for epilepsy, including gene therapies and new anticonvulsant drugs with fewer side effects. Recent research is exploring new treatments for epilepsy, including gene therapies and new anticonvulsant drugs with fewer side effects."
Childhood Epilepsy,"Childhood epilepsy addresses the diagnosis and treatment of epilepsy in children, considering the impact on cognitive and social development. Childhood epilepsy addresses the diagnosis and treatment of epilepsy in children, considering the impact on cognitive and social development. Childhood epilepsy addresses the diagnosis and treatment of epilepsy in children, considering the impact on cognitive and social development. Childhood epilepsy addresses the diagnosis and treatment of epilepsy in children, considering the impact on cognitive and social development. Childhood epilepsy addresses the diagnosis and treatment of epilepsy in children, considering the impact on cognitive and social development. Childhood epilepsy addresses the diagnosis and treatment of epilepsy in children, considering the impact on cognitive and social development. Childhood epilepsy addresses the diagnosis and treatment of epilepsy in children, considering the impact on cognitive and social development. Childhood epilepsy addresses the diagnosis and treatment of epilepsy in children, considering the impact on cognitive and social development."
Psychological Support,"Psychological support is crucial for epilepsy patients, helping them manage the stress and anxiety associated with the condition. Psychological support is crucial for epilepsy patients, helping them manage the stress and anxiety associated with the condition. Psychological support is crucial for epilepsy patients, helping them manage the stress and anxiety associated with the condition. Psychological support is crucial for epilepsy patients, helping them manage the stress and anxiety associated with the condition. Psychological support is crucial for epilepsy patients, helping them manage the stress and anxiety associated with the condition. Psychological support is crucial for epilepsy patients, helping them manage the stress and anxiety associated with the condition. Psychological support is crucial for epilepsy patients, helping them manage the stress and anxiety associated with the condition. Psychological support is crucial for epilepsy patients, helping them manage the stress and anxiety associated with the condition. Psychological support is crucial for epilepsy patients, helping them manage the stress and anxiety associated with the condition."
Treatment Adherence,"Adherence to treatment is critical in epilepsy to prevent seizures, but many patients face challenges in maintaining their medication regimen. Adherence to treatment is critical in epilepsy to prevent seizures, but many patients face challenges in maintaining their medication regimen. Adherence to treatment is critical in epilepsy to prevent seizures, but many patients face challenges in maintaining their medication regimen. Adherence to treatment is critical in epilepsy to prevent seizures, but many patients face challenges in maintaining their medication regimen. Adherence to treatment is critical in epilepsy to prevent seizures, but many patients face challenges in maintaining their medication regimen. Adherence to treatment is critical in epilepsy to prevent seizures, but many patients face challenges in maintaining their medication regimen. Adherence to treatment is critical in epilepsy to prevent seizures, but many patients face challenges in maintaining their medication regimen. Adherence to treatment is critical in epilepsy to prevent seizures, but many patients face challenges in maintaining their medication regimen."
Refractory Epilepsy,"Refractory epilepsy is epilepsy that does not respond to conventional treatments, requiring alternative therapeutic approaches. Refractory epilepsy is epilepsy that does not respond to conventional treatments, requiring alternative therapeutic approaches. Refractory epilepsy is epilepsy that does not respond to conventional treatments, requiring alternative therapeutic approaches. Refractory epilepsy is epilepsy that does not respond to conventional treatments, requiring alternative therapeutic approaches. Refractory epilepsy is epilepsy that does not respond to conventional treatments, requiring alternative therapeutic approaches. Refractory epilepsy is epilepsy that does not respond to conventional treatments, requiring alternative therapeutic approaches. Refractory epilepsy is epilepsy that does not respond to conventional treatments, requiring alternative therapeutic approaches. Refractory epilepsy is epilepsy that does not respond to conventional treatments, requiring alternative therapeutic approaches. Refractory epilepsy is epilepsy that does not respond to conventional treatments, requiring alternative therapeutic approaches. Refractory epilepsy is epilepsy that does not respond to conventional treatments, requiring alternative therapeutic approaches."
Seizure Classification,"Epileptic seizures can be classified into simple partial, complex partial, and generalized tonic-clonic seizures, each with specific symptoms. Epileptic seizures can be classified into simple partial, complex partial, and generalized tonic-clonic seizures, each with specific symptoms. Epileptic seizures can be classified into simple partial, complex partial, and generalized tonic-clonic seizures, each with specific symptoms. Epileptic seizures can be classified into simple partial, complex partial, and generalized tonic-clonic seizures, each with specific symptoms. Epileptic seizures can be classified into simple partial, complex partial, and generalized tonic-clonic seizures, each with specific symptoms. Epileptic seizures can be classified into simple partial, complex partial, and generalized tonic-clonic seizures, each with specific symptoms. Epileptic seizures can be classified into simple partial, complex partial, and generalized tonic-clonic seizures, each with specific symptoms. Epileptic seizures can be classified into simple partial, complex partial, and generalized tonic-clonic seizures, each with specific symptoms. Epileptic seizures can be classified into simple partial, complex partial, and generalized tonic-clonic seizures, each with specific symptoms."
Socioeconomic Impact,"The socioeconomic impact of epilepsy is significant, affecting work productivity and generating healthcare costs. The socioeconomic impact of epilepsy is significant, affecting work productivity and generating healthcare costs. The socioeconomic impact of epilepsy is significant, affecting work productivity and generating healthcare costs. The socioeconomic impact of epilepsy is significant, affecting work productivity and generating healthcare costs. The socioeconomic impact of epilepsy is significant, affecting work productivity and generating healthcare costs. The socioeconomic impact of epilepsy is significant, affecting work productivity and generating healthcare costs. The socioeconomic impact of epilepsy is significant, affecting work productivity and generating healthcare costs. The socioeconomic impact of epilepsy is significant, affecting work productivity and generating healthcare costs. The socioeconomic impact of epilepsy is significant, affecting work productivity and generating healthcare costs. The socioeconomic impact of epilepsy is significant, affecting work productivity and generating healthcare costs. The socioeconomic impact of epilepsy is significant, affecting work productivity and generating healthcare costs."
Epilepsy and Depression,"Epilepsy and depression often coexist, requiring an integrated approach to treatment to address both conditions. Epilepsy and depression often coexist, requiring an integrated approach to treatment to address both conditions. Epilepsy and depression often coexist, requiring an integrated approach to treatment to address both conditions. Epilepsy and depression often coexist, requiring an integrated approach to treatment to address both conditions. Epilepsy and depression often coexist, requiring an integrated approach to treatment to address both conditions. Epilepsy and depression often coexist, requiring an integrated approach to treatment to address both conditions. Epilepsy and depression often coexist, requiring an integrated approach to treatment to address both conditions. Epilepsy and depression often coexist, requiring an integrated approach to treatment to address both conditions. Epilepsy and depression often coexist, requiring an integrated approach to treatment to address both conditions. Epilepsy and depression often coexist, requiring an integrated approach to treatment to address both conditions."
Genetics of Epilepsy,"Genetics plays a role in some types of epilepsy, and specific genes increasing the risk of developing this disorder are being identified. Genetics plays a role in some types of epilepsy, and specific genes increasing the risk of developing this disorder are being identified. Genetics plays a role in some types of epilepsy, and specific genes increasing the risk of developing this disorder are being identified. Genetics plays a role in some types of epilepsy, and specific genes increasing the risk of developing this disorder are being identified. Genetics plays a role in some types of epilepsy, and specific genes increasing the risk of developing this disorder are being identified. Genetics plays a role in some types of epilepsy, and specific genes increasing the risk of developing this disorder are being identified. Genetics plays a role in some types of epilepsy, and specific genes increasing the risk of developing this disorder are being identified."
Nocturnal Seizures,Nocturnal seizures are common in epilepsy and can affect the quality of sleep for both the patient and their family members. Nocturnal seizures are common in epilepsy and can affect the quality of sleep for both the patient and their family members. Nocturnal seizures are common in epilepsy and can affect the quality of sleep for both the patient and their family members. Nocturnal seizures are common in epilepsy and can affect the quality of sleep for both the patient and their family members. Nocturnal seizures are common in epilepsy and can affect the quality of sleep for both the patient and their family members. Nocturnal seizures are common in epilepsy and can affect the quality of sleep for both the patient and their family members. Nocturnal seizures are common in epilepsy and can affect the quality of sleep for both the patient and their family members. Nocturnal seizures are common in epilepsy and can affect the quality of sleep for both the patient and their family members.
Safety and Epilepsy,"Epilepsy can influence activities such as driving and other tasks requiring constant attention, so precautions must be taken to ensure patient safety. Epilepsy can influence activities such as driving and other tasks requiring constant attention, so precautions must be taken to ensure patient safety. Epilepsy can influence activities such as driving and other tasks requiring constant attention, so precautions must be taken to ensure patient safety. Epilepsy can influence activities such as driving and other tasks requiring constant attention, so precautions must be taken to ensure patient safety. Epilepsy can influence activities such as driving and other tasks requiring constant attention, so precautions must be taken to ensure patient safety. Epilepsy can influence activities such as driving and other tasks requiring constant attention, so precautions must be taken to ensure patient safety. Epilepsy can influence activities such as driving and other tasks requiring constant attention, so precautions must be taken to ensure patient safety."
Effects of Stigma,The stigma associated with epilepsy can affect the self-esteem and interpersonal relationships of affected individuals. The stigma associated with epilepsy can affect the self-esteem and interpersonal relationships of affected individuals. The stigma associated with epilepsy can affect the self-esteem and interpersonal relationships of affected individuals. The stigma associated with epilepsy can affect the self-esteem and interpersonal relationships of affected individuals. The stigma associated with epilepsy can affect the self-esteem and interpersonal relationships of affected individuals. The stigma associated with epilepsy can affect the self-esteem and interpersonal relationships of affected individuals. The stigma associated with epilepsy can affect the self-esteem and interpersonal relationships of affected individuals. The stigma associated with epilepsy can affect the self-esteem and interpersonal relationships of affected individuals. The stigma associated with epilepsy can affect the self-esteem and interpersonal relationships of affected individuals. The stigma associated with epilepsy can affect the self-esteem and interpersonal relationships of affected individuals.
Fundamentals of Medical Ontologies,"Medical ontologies are structured representations of knowledge that facilitate the integration and exchange of information among health systems. Medical ontologies are structured representations of knowledge that facilitate the integration and exchange of information among health systems. Medical ontologies are structured representations of knowledge that facilitate the integration and exchange of information among health systems. Medical ontologies are structured representations of knowledge that facilitate the integration and exchange of information among health systems. Medical ontologies are structured representations of knowledge that facilitate the integration and exchange of information among health systems. Medical ontologies are structured representations of knowledge that facilitate the integration and exchange of information among health systems. Medical ontologies are structured representations of knowledge that facilitate the integration and exchange of information among health systems. Medical ontologies are structured representations of knowledge that facilitate the integration and exchange of information among health systems. Medical ontologies are structured representations of knowledge that facilitate the integration and exchange of information among health systems. Fundamentals of medical ontologies focus on the structured representation of medical knowledge to enhance data organization, interoperability, and decision-making in healthcare systems. A medical ontology defines concepts, relationships, and classifications within the medical domain, allowing for standardized terminology and seamless integration across various health information systems. These ontologies help in electronic health records (EHRs), clinical decision support systems, and medical research by ensuring consistency in medical data interpretation. Key components include hierarchical structures, where concepts are categorized in a parent-child relationship, and semantic relationships, which define how medical terms interconnect. Common medical ontologies include SNOMED CT, which provides a comprehensive clinical vocabulary, the Unified Medical Language System (UMLS), which integrates multiple terminologies, and the Gene Ontology (GO), which classifies biological functions relevant to genetics and disease research.Medical ontologies are essential for improving interoperability between different healthcare applications, facilitating data mining, supporting artificial intelligence in medicine, and enabling more accurate diagnostics and treatment planning. As medical data continues to grow, ontologies play a crucial role in structuring and standardizing information for better healthcare management and research."
Ontology Creation Process,"Creating a medical ontology involves defining concepts, relationships, and rules that accurately and coherently reflect the health and medical domain. Creating a medical ontology involves defining concepts, relationships, and rules that accurately and coherently reflect the health and medical domain. Creating a medical ontology involves defining concepts, relationships, and rules that accurately and coherently reflect the health and medical domain. Creating a medical ontology involves defining concepts, relationships, and rules that accurately and coherently reflect the health and medical domain. Creating a medical ontology involves defining concepts, relationships, and rules that accurately and coherently reflect the health and medical domain. Creating a medical ontology involves defining concepts, relationships, and rules that accurately and coherently reflect the health and medical domain. Creating a medical ontology involves defining concepts, relationships, and rules that accurately and coherently reflect the health and medical domain. Creating a medical ontology involves defining concepts, relationships, and rules that accurately and coherently reflect the health and medical domain. Fundamentals of medical ontologies focus on the structured representation of medical knowledge to enhance data organization, interoperability, and decision-making in healthcare systems. A medical ontology defines concepts, relationships, and classifications within the medical domain, allowing for standardized terminology and seamless integration across various health information systems. These ontologies help in electronic health records (EHRs), clinical decision support systems, and medical research by ensuring consistency in medical data interpretation. Key components include hierarchical structures, where concepts are categorized in a parent-child relationship, and semantic relationships, which define how medical terms interconnect. Common medical ontologies include SNOMED CT, which provides a comprehensive clinical vocabulary, the Unified Medical Language System (UMLS), which integrates multiple terminologies, and the Gene Ontology (GO), which classifies biological functions relevant to genetics and disease research.Medical ontologies are essential for improving interoperability between different healthcare applications, facilitating data mining, supporting artificial intelligence in medicine, and enabling more accurate diagnostics and treatment planning. As medical data continues to grow, ontologies play a crucial role in structuring and standardizing information for better healthcare management and research."
Interoperability in Health Systems,"Ontologies enhance interoperability between electronic health systems, enabling easier access and analysis of clinical data. Ontologies enhance interoperability between electronic health systems, enabling easier access and analysis of clinical data. Ontologies enhance interoperability between electronic health systems, enabling easier access and analysis of clinical data. Ontologies enhance interoperability between electronic health systems, enabling easier access and analysis of clinical data. Ontologies enhance interoperability between electronic health systems, enabling easier access and analysis of clinical data. Ontologies enhance interoperability between electronic health systems, enabling easier access and analysis of clinical data. Ontologies enhance interoperability between electronic health systems, enabling easier access and analysis of clinical data. Ontologies enhance interoperability between electronic health systems, enabling easier access and analysis of clinical data. Ontologies enhance interoperability between electronic health systems, enabling easier access and analysis of clinical data. Ontologies enhance interoperability between electronic health systems, enabling easier access and analysis of clinical data."
Clinical Applications of Ontologies,"A well-designed ontology can support applications such as clinical decision-making, computer-assisted diagnosis, and biomedical research. A well-designed ontology can support applications such as clinical decision-making, computer-assisted diagnosis, and biomedical research. A well-designed ontology can support applications such as clinical decision-making, computer-assisted diagnosis, and biomedical research. A well-designed ontology can support applications such as clinical decision-making, computer-assisted diagnosis, and biomedical research. A well-designed ontology can support applications such as clinical decision-making, computer-assisted diagnosis, and biomedical research. A well-designed ontology can support applications such as clinical decision-making, computer-assisted diagnosis, and biomedical research. A well-designed ontology can support applications such as clinical decision-making, computer-assisted diagnosis, and biomedical research. A well-designed ontology can support applications such as clinical decision-making, computer-assisted diagnosis, and biomedical research. A well-designed ontology can support applications such as clinical decision-making, computer-assisted diagnosis, and biomedical research. A well-designed ontology can support applications such as clinical decision-making, computer-assisted diagnosis, and biomedical research."
Tools for Ontology Development,"The ontology creation process includes requirement gathering, concept modeling, validation, and ongoing maintenance. The ontology creation process includes requirement gathering, concept modeling, validation, and ongoing maintenance. The ontology creation process includes requirement gathering, concept modeling, validation, and ongoing maintenance. The ontology creation process includes requirement gathering, concept modeling, validation, and ongoing maintenance. The ontology creation process includes requirement gathering, concept modeling, validation, and ongoing maintenance. The ontology creation process includes requirement gathering, concept modeling, validation, and ongoing maintenance. The ontology creation process includes requirement gathering, concept modeling, validation, and ongoing maintenance. The ontology creation process includes requirement gathering, concept modeling, validation, and ongoing maintenance. The ontology creation process includes requirement gathering, concept modeling, validation, and ongoing maintenance. The ontology creation process includes requirement gathering, concept modeling, validation, and ongoing maintenance. The ontology creation process includes requirement gathering, concept modeling, validation, and ongoing maintenance. The ontology creation process includes requirement gathering, concept modeling, validation, and ongoing maintenance."
Standard Medical Ontologies,Tools like Protégé are widely used for developing and managing ontologies in the medical field. Tools like Protégé are widely used for developing and managing ontologies in the medical field. Tools like Protégé are widely used for developing and managing ontologies in the medical field. Tools like Protégé are widely used for developing and managing ontologies in the medical field. Tools like Protégé are widely used for developing and managing ontologies in the medical field. Tools like Protégé are widely used for developing and managing ontologies in the medical field. Tools like Protégé are widely used for developing and managing ontologies in the medical field. Tools like Protégé are widely used for developing and managing ontologies in the medical field. Tools like Protégé are widely used for developing and managing ontologies in the medical field. Tools like Protégé are widely used for developing and managing ontologies in the medical field.
Shared Semantics in Health,"Standard medical ontologies, such as SNOMED CT and ICD, provide a common foundation for coding and exchanging clinical information. Standard medical ontologies, such as SNOMED CT and ICD, provide a common foundation for coding and exchanging clinical information. Standard medical ontologies, such as SNOMED CT and ICD, provide a common foundation for coding and exchanging clinical information. Standard medical ontologies, such as SNOMED CT and ICD, provide a common foundation for coding and exchanging clinical information. Standard medical ontologies, such as SNOMED CT and ICD, provide a common foundation for coding and exchanging clinical information. Standard medical ontologies, such as SNOMED CT and ICD, provide a common foundation for coding and exchanging clinical information. Standard medical ontologies, such as SNOMED CT and ICD, provide a common foundation for coding and exchanging clinical information. Standard medical ontologies, such as SNOMED CT and ICD, provide a common foundation for coding and exchanging clinical information."
Integration with EHR Systems,Shared semantics offered by ontologies facilitate the understanding and analysis of heterogeneous data from different sources. Shared semantics offered by ontologies facilitate the understanding and analysis of heterogeneous data from different sources. Shared semantics offered by ontologies facilitate the understanding and analysis of heterogeneous data from different sources. Shared semantics offered by ontologies facilitate the understanding and analysis of heterogeneous data from different sources. Shared semantics offered by ontologies facilitate the understanding and analysis of heterogeneous data from different sources. Shared semantics offered by ontologies facilitate the understanding and analysis of heterogeneous data from different sources. Shared semantics offered by ontologies facilitate the understanding and analysis of heterogeneous data from different sources. Shared semantics offered by ontologies facilitate the understanding and analysis of heterogeneous data from different sources. Shared semantics offered by ontologies facilitate the understanding and analysis of heterogeneous data from different sources. Shared semantics offered by ontologies facilitate the understanding and analysis of heterogeneous data from different sources.
Semantic Searching in Medicine,Integrating ontologies into Electronic Health Record (EHR) systems can improve the accuracy and efficiency of clinical documentation. Integrating ontologies into Electronic Health Record (EHR) systems can improve the accuracy and efficiency of clinical documentation. Integrating ontologies into Electronic Health Record (EHR) systems can improve the accuracy and efficiency of clinical documentation. Integrating ontologies into Electronic Health Record (EHR) systems can improve the accuracy and efficiency of clinical documentation. Integrating ontologies into Electronic Health Record (EHR) systems can improve the accuracy and efficiency of clinical documentation. Integrating ontologies into Electronic Health Record (EHR) systems can improve the accuracy and efficiency of clinical documentation. Integrating ontologies into Electronic Health Record (EHR) systems can improve the accuracy and efficiency of clinical documentation. Integrating ontologies into Electronic Health Record (EHR) systems can improve the accuracy and efficiency of clinical documentation. Integrating ontologies into Electronic Health Record (EHR) systems can improve the accuracy and efficiency of clinical documentation.
Semantic Interoperability,"Ontologies enable more effective semantic searches, enhancing the retrieval of relevant information in medical databases. Ontologies enable more effective semantic searches, enhancing the retrieval of relevant information in medical databases. Ontologies enable more effective semantic searches, enhancing the retrieval of relevant information in medical databases. Ontologies enable more effective semantic searches, enhancing the retrieval of relevant information in medical databases. Ontologies enable more effective semantic searches, enhancing the retrieval of relevant information in medical databases. Ontologies enable more effective semantic searches, enhancing the retrieval of relevant information in medical databases. Ontologies enable more effective semantic searches, enhancing the retrieval of relevant information in medical databases. Ontologies enable more effective semantic searches, enhancing the retrieval of relevant information in medical databases. Ontologies enable more effective semantic searches, enhancing the retrieval of relevant information in medical databases. Ontologies enable more effective semantic searches, enhancing the retrieval of relevant information in medical databases."
Collaboration in Ontology Development,"Semantic interoperability is a key challenge that medical ontologies aim to address, ensuring that different systems understand and use data consistently. Semantic interoperability is a key challenge that medical ontologies aim to address, ensuring that different systems understand and use data consistently. Semantic interoperability is a key challenge that medical ontologies aim to address, ensuring that different systems understand and use data consistently. Semantic interoperability is a key challenge that medical ontologies aim to address, ensuring that different systems understand and use data consistently. Semantic interoperability is a key challenge that medical ontologies aim to address, ensuring that different systems understand and use data consistently. Semantic interoperability is a key challenge that medical ontologies aim to address, ensuring that different systems understand and use data consistently. Semantic interoperability is a key challenge that medical ontologies aim to address, ensuring that different systems understand and use data consistently. Semantic interoperability is a key challenge that medical ontologies aim to address, ensuring that different systems understand and use data consistently."
Ontologies in Clinical Research,Collaboration between domain experts and developers is essential to create accurate and useful medical ontologies. Collaboration between domain experts and developers is essential to create accurate and useful medical ontologies. Collaboration between domain experts and developers is essential to create accurate and useful medical ontologies. Collaboration between domain experts and developers is essential to create accurate and useful medical ontologies. Collaboration between domain experts and developers is essential to create accurate and useful medical ontologies. Collaboration between domain experts and developers is essential to create accurate and useful medical ontologies. Collaboration between domain experts and developers is essential to create accurate and useful medical ontologies. Collaboration between domain experts and developers is essential to create accurate and useful medical ontologies. Collaboration between domain experts and developers is essential to create accurate and useful medical ontologies. Collaboration between domain experts and developers is essential to create accurate and useful medical ontologies.
Support for Artificial Intelligence,Ontologies support the implementation of data standards in clinical research and epidemiological studies. Ontologies support the implementation of data standards in clinical research and epidemiological studies. Ontologies support the implementation of data standards in clinical research and epidemiological studies. Ontologies support the implementation of data standards in clinical research and epidemiological studies. Ontologies support the implementation of data standards in clinical research and epidemiological studies. Ontologies support the implementation of data standards in clinical research and epidemiological studies. Ontologies support the implementation of data standards in clinical research and epidemiological studies. Ontologies support the implementation of data standards in clinical research and epidemiological studies. Ontologies support the implementation of data standards in clinical research and epidemiological studies. Ontologies support the implementation of data standards in clinical research and epidemiological studies. Ontologies support the implementation of data standards in clinical research and epidemiological studies. Ontologies support the implementation of data standards in clinical research and epidemiological studies.
Ontology Maintenance and Updates,The use of ontologies in medicine aids the development of artificial intelligence and machine learning by providing clear and well-defined knowledge structures. The use of ontologies in medicine aids the development of artificial intelligence and machine learning by providing clear and well-defined knowledge structures. The use of ontologies in medicine aids the development of artificial intelligence and machine learning by providing clear and well-defined knowledge structures. The use of ontologies in medicine aids the development of artificial intelligence and machine learning by providing clear and well-defined knowledge structures. The use of ontologies in medicine aids the development of artificial intelligence and machine learning by providing clear and well-defined knowledge structures. The use of ontologies in medicine aids the development of artificial intelligence and machine learning by providing clear and well-defined knowledge structures. The use of ontologies in medicine aids the development of artificial intelligence and machine learning by providing clear and well-defined knowledge structures.
Reusing Existing Ontologies,Medical ontologies can be adapted and expanded to include new discoveries and advancements in the health field. Medical ontologies can be adapted and expanded to include new discoveries and advancements in the health field. Medical ontologies can be adapted and expanded to include new discoveries and advancements in the health field. Medical ontologies can be adapted and expanded to include new discoveries and advancements in the health field. Medical ontologies can be adapted and expanded to include new discoveries and advancements in the health field. Medical ontologies can be adapted and expanded to include new discoveries and advancements in the health field. Medical ontologies can be adapted and expanded to include new discoveries and advancements in the health field. Medical ontologies can be adapted and expanded to include new discoveries and advancements in the health field. Medical ontologies can be adapted and expanded to include new discoveries and advancements in the health field.
Version Management in Ontologies,The quality and usability of a medical ontology depend on its ability to faithfully represent knowledge and relationships within the domain. The quality and usability of a medical ontology depend on its ability to faithfully represent knowledge and relationships within the domain. The quality and usability of a medical ontology depend on its ability to faithfully represent knowledge and relationships within the domain. The quality and usability of a medical ontology depend on its ability to faithfully represent knowledge and relationships within the domain. The quality and usability of a medical ontology depend on its ability to faithfully represent knowledge and relationships within the domain. The quality and usability of a medical ontology depend on its ability to faithfully represent knowledge and relationships within the domain. The quality and usability of a medical ontology depend on its ability to faithfully represent knowledge and relationships within the domain. The quality and usability of a medical ontology depend on its ability to faithfully represent knowledge and relationships within the domain.
Ontologies and the Semantic Web,Reusing existing ontologies can accelerate the development process and ensure consistency with recognized standards. Reusing existing ontologies can accelerate the development process and ensure consistency with recognized standards. Reusing existing ontologies can accelerate the development process and ensure consistency with recognized standards. Reusing existing ontologies can accelerate the development process and ensure consistency with recognized standards. Reusing existing ontologies can accelerate the development process and ensure consistency with recognized standards. Reusing existing ontologies can accelerate the development process and ensure consistency with recognized standards. Reusing existing ontologies can accelerate the development process and ensure consistency with recognized standards. Reusing existing ontologies can accelerate the development process and ensure consistency with recognized standards. Reusing existing ontologies can accelerate the development process and ensure consistency with recognized standards. Reusing existing ontologies can accelerate the development process and ensure consistency with recognized standards. Reusing existing ontologies can accelerate the development process and ensure consistency with recognized standards.
Impact of Medical Ontologies,Version management is important in creating medical ontologies to keep the knowledge representation up-to-date over time. Version management is important in creating medical ontologies to keep the knowledge representation up-to-date over time. Version management is important in creating medical ontologies to keep the knowledge representation up-to-date over time. Version management is important in creating medical ontologies to keep the knowledge representation up-to-date over time. Version management is important in creating medical ontologies to keep the knowledge representation up-to-date over time. Version management is important in creating medical ontologies to keep the knowledge representation up-to-date over time. Version management is important in creating medical ontologies to keep the knowledge representation up-to-date over time. Version management is important in creating medical ontologies to keep the knowledge representation up-to-date over time. Version management is important in creating medical ontologies to keep the knowledge representation up-to-date over time. Version management is important in creating medical ontologies to keep the knowledge representation up-to-date over time.
Evaluating Ontology Quality,Ontologies can be integrated with emerging technologies like the semantic web and open data services to drive innovation in healthcare. Ontologies can be integrated with emerging technologies like the semantic web and open data services to drive innovation in healthcare. Ontologies can be integrated with emerging technologies like the semantic web and open data services to drive innovation in healthcare. Ontologies can be integrated with emerging technologies like the semantic web and open data services to drive innovation in healthcare. Ontologies can be integrated with emerging technologies like the semantic web and open data services to drive innovation in healthcare. Ontologies can be integrated with emerging technologies like the semantic web and open data services to drive innovation in healthcare. Ontologies can be integrated with emerging technologies like the semantic web and open data services to drive innovation in healthcare. Ontologies can be integrated with emerging technologies like the semantic web and open data services to drive innovation in healthcare.
Healthcare Innovation with Ontologies,Impact analysis of medical ontologies allows evaluation of how they contribute to improving care quality and clinical process efficiency. Impact analysis of medical ontologies allows evaluation of how they contribute to improving care quality and clinical process efficiency. Impact analysis of medical ontologies allows evaluation of how they contribute to improving care quality and clinical process efficiency. Impact analysis of medical ontologies allows evaluation of how they contribute to improving care quality and clinical process efficiency. Impact analysis of medical ontologies allows evaluation of how they contribute to improving care quality and clinical process efficiency. Impact analysis of medical ontologies allows evaluation of how they contribute to improving care quality and clinical process efficiency. Impact analysis of medical ontologies allows evaluation of how they contribute to improving care quality and clinical process efficiency. Impact analysis of medical ontologies allows evaluation of how they contribute to improving care quality and clinical process efficiency.
